{
  "ymtau": { "re": 1.777, "im": 0.0 },
  "系(1,cind(2))": { "re": 0.0, "im": -0.7071067811865475 },
  "Q(9,cind(2))": { "re": -1.4591653432440916, "im": 0.0 },
  "Q(1,cind(1))": { "re": 0.0, "im": 0.0 },
  "vev": { "re": 246.2184581018163, "im": 0.0 },
  "I3x31": { "re": 0.0075783551477681356, "im": -0.0029772109509089107 },
  "系(1,cind(3))": { "re": 0.0, "im": -0.0 },
  "gw": { "re": 0.6532329303475798, "im": 0.0 },
  "Q(12,cind(0))": { "re": 172.00571801611162, "im": 0.0 },
  "Q(10,cind(0))": { "re": 172.04680033416108, "im": 0.0 },
  "系bar(3,cind(3))": { "re": -0.6876479036953653, "im": 0.0 },
  "Q(5,cind(0))": { "re": -5.692388617490321, "im": 0.0 },
  "Q(9,cind(3))": { "re": 0.5478564962987051, "im": 0.0 },
  "CKM1x1": { "re": 0.974619955, "im": 0.0 },
  "I2x23": { "re": -0.03875199246763729, "im": 0.0 },
  "系bar(5,cind(3))": { "re": -0.2904135932869392, "im": 0.0 },
  "yc": { "re": 0.00729454338257259, "im": 0.0 },
  "Q(4,cind(0))": { "re": 1.523581094674306, "im": 0.0 },
  "Q(6,cind(0))": { "re": -172.08159905485, "im": 0.0 },
  "Q(16,cind(0))": { "re": 0.7799582131422241, "im": 0.0 },
  "系(0,cind(0))": { "re": 0.0, "im": -0.0 },
  "G": { "re": 1.2177157847767195, "im": 0.0 },
  "Me": { "re": 0.000511, "im": 0.0 },
  "MZ": { "re": 91.188, "im": 0.0 },
  "I1x32": { "re": 0.0009894125736418032, "im": 0.0 },
  "I2x12": { "re": -0.0016434606240936045, "im": 0.0 },
  "CKM3x1": { "re": 0.008020744111584288, "im": -0.0031510066152652563 },
  "yme": { "re": 0.000511, "im": 0.0 },
  "Q(12,cind(2))": { "re": 1.2380007386201792, "im": 0.0 },
  "Q(8,cind(0))": { "re": 172.30644830549113, "im": 0.0 },
  "系bar(4,cind(0))": { "re": 0.0, "im": 0.0 },
  "WT": { "re": 1.508336, "im": 0.0 },
  "I2x13": { "re": 0.0075783551477681356, "im": 0.0029772109509089107 },
  "sw": { "re": 0.4714302554840723, "im": 0.0 },
  "I3x23": { "re": 0.0002991795163154976, "im": 0.0 },
  "系bar(3,cind(2))": { "re": 0.03946839712230518, "im": 0.2299847080770437 },
  "Q(17,cind(1))": { "re": 0.21217374743252684, "im": 0.0 },
  "Q(9,cind(0))": { "re": 172.02534670175214, "im": 0.0 },
  "Q(14,cind(3))": { "re": 0.1754757518826643, "im": 0.0 },
  "muH": { "re": 88.38834764831844, "im": 0.0 },
  "Q(8,cind(3))": { "re": 10.045477739728485, "im": 0.0 },
  "Q(9,cind(1))": { "re": -2.508106381031055, "im": 0.0 },
  "Q(7,cind(0))": { "re": 172.2900379395546, "im": 0.0 },
  "I4x13": { "re": 0.00002942473417507777, "im": -0.0000760138966189509 },
  "WZ": { "re": 2.441404, "im": 0.0 },
  "MB": { "re": 4.7, "im": 0.0 },
  "系bar(4,cind(1))": { "re": -0.1689952740804555, "im": -0.4795458823521776 },
  "Q(12,cind(1))": { "re": -0.6229744129630969, "im": 0.0 },
  "Q(1,cind(0))": { "re": -5.0, "im": 0.0 },
  "I2x32": { "re": 0.0002991795163154976, "im": 0.0 },
  "ZERO": { "re": 0.0, "im": 0.0 },
  "Q(13,cind(2))": { "re": 1.554120334205454, "im": 0.0 },
  "g1": { "re": 0.349192196787333, "im": 0.0 },
  "": { "re": 0.0, "im": 1.0 },
  "Q(12,cind(3))": { "re": -0.21514481185860887, "im": 0.0 },
  "ytau": { "re": 0.010206617000654719, "im": 0.0 },
  "I2x33": { "re": 0.9448443987662922, "im": 0.0 },
  "WH": { "re": 0.006382339, "im": 0.0 },
  "Q(0,cind(3))": { "re": 5.0, "im": 0.0 },
  "Q(15,cind(1))": { "re": 0.4212673291871947, "im": 0.0 },
  "yb": { "re": 0.024123686777011714, "im": 0.0 },
  "AWS": { "re": 0.808, "im": 0.0 },
  "Q(8,cind(2))": { "re": 2.1364650620042127, "im": 0.0 },
  "系bar(2,cind(2))": { "re": 1.002562510542727, "im": 0.3414379266956589 },
  "CKM1x3": { "re": 0.0012197444962317122, "im": -0.0031510066152652563 },
  "系(1,cind(1))": { "re": -0.7071067811865475, "im": -0.0 },
  "aEWM1": { "re": 132.507, "im": 0.0 },
  "aS": { "re": 0.118, "im": 0.0 },
  "系(0,cind(3))": { "re": 0.0, "im": -0.0 },
  "ymm": { "re": 0.10566, "im": 0.0 },
  "etaWS": { "re": 0.341, "im": 0.0 },
  "Q(13,cind(1))": { "re": -0.011913321122232014, "im": 0.0 },
  "MH": { "re": 125.0, "im": 0.0 },
  "yt": { "re": 0.9448443987662922, "im": 0.0 },
  "Q(14,cind(2))": { "re": 1.1533168022886007, "im": 0.0 },
  "Q(14,cind(1))": { "re": 0.2090935817546678, "im": 0.0 },
  "ymb": { "re": 4.2, "im": 0.0 },
  "Q(4,cind(1))": { "re": -1.058809596665922, "im": 0.0 },
  "cw": { "re": 0.8819033474333922, "im": 0.0 },
  "CKM1x2": { "re": 0.2253, "im": 0.0 },
  "ymt": { "re": 164.5, "im": 0.0 },
  "CKM2x2": { "re": 0.974619955, "im": 0.0 },
  "sw2": { "re": 0.22224648578577766, "im": 0.0 },
  "系bar(3,cind(1))": { "re": -0.05358235093893696, "im": -0.6686606269631231 },
  "I3x22": { "re": 0.007109407543268445, "im": 0.0 },
  "Q(13,cind(3))": { "re": -0.582578557686702, "im": 0.0 },
  "系bar(2,cind(1))": { "re": 0.2922920331676606, "im": 0.619209287893657 },
  "系bar(4,cind(3))": { "re": -0.6686697379559406, "im": 0.0 },
  "Q(17,cind(2))": { "re": 1.299267855300887, "im": 0.0 },
  "MT": { "re": 172.0, "im": 0.0 },
  "Q(16,cind(3))": { "re": -0.3674337458280931, "im": 0.0 },
  "I4x33": { "re": 0.024123686777011714, "im": 0.0 },
  "Q(16,cind(1))": { "re": 0.6110610918408649, "im": 0.0 },
  "Q(3,cind(3))": { "re": 0.7649492138716588, "im": 0.0 },
  "Q(11,cind(2))": { "re": -1.7813368152752216, "im": 0.0 },
  "Q(4,cind(3))": { "re": 0.4954838522679282, "im": 0.0 },
  "Q(7,cind(3))": { "re": 9.678043993900392, "im": 0.0 },
  "Q(3,cind(0))": { "re": 3.283294192270986, "im": 0.0 },
  "Q(2,cind(3))": { "re": -0.7580543095693663, "im": 0.0 },
  "系bar(4,cind(2))": { "re": 0.07908355730825373, "im": 0.519649638428693 },
  "系bar(5,cind(0))": { "re": 0.0, "im": 0.0 },
  "WW": { "re": 2.0476, "im": 0.0 },
  "Gf": { "re": 0.0000116639, "im": 0.0 },
  "系bar(5,cind(2))": { "re": 1.4312689021532161, "im": -0.38317247335777704 },
  "Q(0,cind(1))": { "re": 0.0, "im": 0.0 },
  "Q(0,cind(2))": { "re": 0.0, "im": 0.0 },
  "系bar(2,cind(0))": { "re": 0.0, "im": 0.0 },
  "rhoWS": { "re": 0.132, "im": 0.0 },
  "Q(15,cind(2))": { "re": 2.4525846575894876, "im": 0.0 },
  "Q(11,cind(3))": { "re": 0.5498044020130499, "im": 0.0 },
  "Q(5,cind(1))": { "re": 2.3183126183773846, "im": 0.0 },
  "系bar(5,cind(1))": { "re": 0.34936419037012517, "im": 0.5942885289662618 },
  "lam": { "re": 0.1288691060169027, "im": 0.0 },
  "MC": { "re": 1.27, "im": 0.0 },
  "Q(5,cind(2))": { "re": 3.595630405248304, "im": 0.0 },
  "Q(0,cind(0))": { "re": 5.0, "im": 0.0 },
  "I4x23": { "re": 0.0009894125736418032, "im": 0.0 },
  "CKM2x3": { "re": 0.04101415272, "im": 0.0 },
  "系(0,cind(2))": { "re": 0.0, "im": -0.7071067811865475 },
  "I3x32": { "re": -0.03875199246763729, "im": 0.0 },
  "MM": { "re": 0.10566, "im": 0.0 },
  "Q(5,cind(3))": { "re": 9.49762124342978, "im": 0.0 },
  "Q(10,cind(3))": { "re": 1.045288254280978, "im": 0.0 },
  "Q(7,cind(2))": { "re": 2.4525846575894876, "im": 0.0 },
  "I1x33": { "re": 0.024123686777011714, "im": 0.0 },
  "I3x21": { "re": -0.0016434606240936045, "im": 0.0 },
  "Q(6,cind(1))": { "re": 0.4212673291871947, "im": 0.0 },
  "Q(1,cind(3))": { "re": 5.0, "im": 0.0 },
  "Q(4,cind(2))": { "re": -0.977096383269757, "im": 0.0 },
  "CKM2x1": { "re": -0.2253, "im": 0.0 },
  "Q(2,cind(2))": { "re": 0.4008035319168533, "im": 0.0 },
  "系bar(3,cind(0))": { "re": 0.0, "im": 0.0 },
  "Q(11,cind(1))": { "re": -1.6614705317976597, "im": 0.0 },
  "Q(10,cind(1))": { "re": -2.720280128463582, "im": 0.0 },
  "系(0,cind(1))": { "re": -0.7071067811865475, "im": -0.0 },
  "Q(15,cind(3))": { "re": -0.32195600609960884, "im": 0.0 },
  "Q(3,cind(1))": { "re": -1.038496118834563, "im": 0.0 },
  "系(1,cind(0))": { "re": 0.0, "im": -0.0 },
  "Q(1,cind(2))": { "re": 0.0, "im": 0.0 },
  "Q(16,cind(2))": { "re": 0.3161195955852747, "im": 0.0 },
  "Q(3,cind(2))": { "re": -3.019337553895401, "im": 0.0 },
  "Q(14,cind(0))": { "re": 172.0040832408111, "im": 0.0 },
  "CKM3x2": { "re": -0.04101415272, "im": 0.0 },
  "Q(7,cind(1))": { "re": 0.4212673291871947, "im": 0.0 },
  "WTau": { "re": 2.27e-12, "im": 0.0 },
  "Q(17,cind(3))": { "re": -0.497431757982273, "im": 0.0 },
  "I1x31": { "re": 0.00002942473417507777, "im": 0.0000760138966189509 },
  "aEW": { "re": 0.0075467711139788835,